scene_id,bank_id,base_map_cluster_id,canonical_base_map_digest,regenerated_canonical_base_map_digest,observation_noise_binding_sha256,regenerated_observation_noise_binding_sha256,role,maps_match,canonical_foundation_identity_match,csi_clean_match,csi_repeat_match,observation_noise_seed_binding_match,free_space_match,phase_reference_ids_match,phase_reference_values_match,phase_reference_source_sha256_match,noop_maps_match,path_ids_match,path_power_match,path_surface_ids_match,noop_path_ids_match,noop_path_power_match,noop_path_surface_ids_match,passed,artifact_label,dataset_sha256,config_sha256,fixture,scientific_use,source_tree_sha256,requirements_lock_sha256,runtime_provenance_sha256
osm-sionna-source-chicago-bank-00,osm-sionna-source-chicago-bank-00,osm-foundation-source-chicago-00,ae3ccfade5dfa51535fa2845cb4b424fecae573daa6a7aadcec63771ad8c6d19,ae3ccfade5dfa51535fa2845cb4b424fecae573daa6a7aadcec63771ad8c6d19,481ac77130a79512c3fc308247fdafc62edfa52d541bd07c6ccbf97c3aea2ad4,481ac77130a79512c3fc308247fdafc62edfa52d541bd07c6ccbf97c3aea2ad4,source_encoder_train,True,True,True,True,True,True,True,True,True,True,True,True,True,True,True,True,True,csi-pairs-formal-v2.1-v6,e89034302d6c4a64c838c244a60ad7c42b081e760ef2c9fc548440b0d5458d2e,50a0515956027ee8241f0c9b806f669f65dbe28c11e1274cfb94b486c862f91c,False,CANDIDATE_NOT_CLAIM,338f6164f6c464982ea408f61eff2b21b4aa7da5c366a4237da405a45e9f55e0,f372fcd1988e712a47f01e6018289c0bc076f14b1f2d3ab1231f82b9a19b89c8,446154f660c945f9c9e5d2cba50602fc2e91de5cec9a700d712e38a6b0fb6863
osm-sionna-source-austin-bank-00,osm-sionna-source-austin-bank-00,osm-foundation-source-austin-00,cf8c4334e8894775385d68eed9d148585afd255919dc86114a82bfdc4af5f4e0,cf8c4334e8894775385d68eed9d148585afd255919dc86114a82bfdc4af5f4e0,fe1b2321cf39fdd06b23862ec8235dcdf39f7a61c1d930c5a535f02992aca40e,fe1b2321cf39fdd06b23862ec8235dcdf39f7a61c1d930c5a535f02992aca40e,source_encoder_train,True,True,True,True,True,True,True,True,True,True,True,True,True,True,True,True,True,csi-pairs-formal-v2.1-v6,e89034302d6c4a64c838c244a60ad7c42b081e760ef2c9fc548440b0d5458d2e,50a0515956027ee8241f0c9b806f669f65dbe28c11e1274cfb94b486c862f91c,False,CANDIDATE_NOT_CLAIM,338f6164f6c464982ea408f61eff2b21b4aa7da5c366a4237da405a45e9f55e0,f372fcd1988e712a47f01e6018289c0bc076f14b1f2d3ab1231f82b9a19b89c8,446154f660c945f9c9e5d2cba50602fc2e91de5cec9a700d712e38a6b0fb6863
osm-sionna-source-chicago-bank-01,osm-sionna-source-chicago-bank-01,osm-foundation-source-chicago-01,827c778a1b924377c62d3db9383bcc2fc9b8e77d52e670bfa6b7f795d152da98,827c778a1b924377c62d3db9383bcc2fc9b8e77d52e670bfa6b7f795d152da98,ae8e50664efd33c5489ef133c090541c8757a6172ac63f6c3ee14b51eec032bc,ae8e50664efd33c5489ef133c090541c8757a6172ac63f6c3ee14b51eec032bc,source_method_selection,True,True,True,True,True,True,True,True,True,True,True,True,True,True,True,True,True,csi-pairs-formal-v2.1-v6,e89034302d6c4a64c838c244a60ad7c42b081e760ef2c9fc548440b0d5458d2e,50a0515956027ee8241f0c9b806f669f65dbe28c11e1274cfb94b486c862f91c,False,CANDIDATE_NOT_CLAIM,338f6164f6c464982ea408f61eff2b21b4aa7da5c366a4237da405a45e9f55e0,f372fcd1988e712a47f01e6018289c0bc076f14b1f2d3ab1231f82b9a19b89c8,446154f660c945f9c9e5d2cba50602fc2e91de5cec9a700d712e38a6b0fb6863
osm-sionna-source-austin-bank-01,osm-sionna-source-austin-bank-01,osm-foundation-source-austin-01,24d99f6c46b8a80b43b7b804ed7ff9388e37108f11eb999461adbd1c45c44b68,24d99f6c46b8a80b43b7b804ed7ff9388e37108f11eb999461adbd1c45c44b68,85355e416c2ef113b1f77e02d3899b77c640e64e9ebfe530cf6bd066d805b46a,85355e416c2ef113b1f77e02d3899b77c640e64e9ebfe530cf6bd066d805b46a,source_method_selection,True,True,True,True,True,True,True,True,True,True,True,True,True,True,True,True,True,csi-pairs-formal-v2.1-v6,e89034302d6c4a64c838c244a60ad7c42b081e760ef2c9fc548440b0d5458d2e,50a0515956027ee8241f0c9b806f669f65dbe28c11e1274cfb94b486c862f91c,False,CANDIDATE_NOT_CLAIM,338f6164f6c464982ea408f61eff2b21b4aa7da5c366a4237da405a45e9f55e0,f372fcd1988e712a47f01e6018289c0bc076f14b1f2d3ab1231f82b9a19b89c8,446154f660c945f9c9e5d2cba50602fc2e91de5cec9a700d712e38a6b0fb6863
osm-sionna-source-chicago-bank-02,osm-sionna-source-chicago-bank-02,osm-foundation-source-chicago-02,300414b5058833534ba0c8445578b197be3d1e5cb04c25b44d8257a9427e7a38,300414b5058833534ba0c8445578b197be3d1e5cb04c25b44d8257a9427e7a38,1c50a566bd79d50f46b1aa29e909409d1f343c98fa040ccba3ac5ef1c9d1a0bf,1c50a566bd79d50f46b1aa29e909409d1f343c98fa040ccba3ac5ef1c9d1a0bf,source_probe_train,True,True,True,True,True,True,True,True,True,True,True,True,True,True,True,True,True,csi-pairs-formal-v2.1-v6,e89034302d6c4a64c838c244a60ad7c42b081e760ef2c9fc548440b0d5458d2e,50a0515956027ee8241f0c9b806f669f65dbe28c11e1274cfb94b486c862f91c,False,CANDIDATE_NOT_CLAIM,338f6164f6c464982ea408f61eff2b21b4aa7da5c366a4237da405a45e9f55e0,f372fcd1988e712a47f01e6018289c0bc076f14b1f2d3ab1231f82b9a19b89c8,446154f660c945f9c9e5d2cba50602fc2e91de5cec9a700d712e38a6b0fb6863
osm-sionna-source-austin-bank-02,osm-sionna-source-austin-bank-02,osm-foundation-source-austin-02,c7dab0975fa22129f4eb4397580f3b4ab668c10226da0fb54b048736e86cb037,c7dab0975fa22129f4eb4397580f3b4ab668c10226da0fb54b048736e86cb037,f19c25dc559d3369b53d0fb99028a140f364639c7f9386e21c822de3bf8412d5,f19c25dc559d3369b53d0fb99028a140f364639c7f9386e21c822de3bf8412d5,source_probe_train,True,True,True,True,True,True,True,True,True,True,True,True,True,True,True,True,True,csi-pairs-formal-v2.1-v6,e89034302d6c4a64c838c244a60ad7c42b081e760ef2c9fc548440b0d5458d2e,50a0515956027ee8241f0c9b806f669f65dbe28c11e1274cfb94b486c862f91c,False,CANDIDATE_NOT_CLAIM,338f6164f6c464982ea408f61eff2b21b4aa7da5c366a4237da405a45e9f55e0,f372fcd1988e712a47f01e6018289c0bc076f14b1f2d3ab1231f82b9a19b89c8,446154f660c945f9c9e5d2cba50602fc2e91de5cec9a700d712e38a6b0fb6863
osm-sionna-source-chicago-bank-03,osm-sionna-source-chicago-bank-03,osm-foundation-source-chicago-03,30583fa63ec234c5589d10e03807e7e90455b07c3938bdad3367f8af00d45c15,30583fa63ec234c5589d10e03807e7e90455b07c3938bdad3367f8af00d45c15,cb400ff7be09715036f32809b0c55af01a6a67cf400c325684d3a6d455999274,cb400ff7be09715036f32809b0c55af01a6a67cf400c325684d3a6d455999274,source_probe_selection,True,True,True,True,True,True,True,True,True,True,True,True,True,True,True,True,True,csi-pairs-formal-v2.1-v6,e89034302d6c4a64c838c244a60ad7c42b081e760ef2c9fc548440b0d5458d2e,50a0515956027ee8241f0c9b806f669f65dbe28c11e1274cfb94b486c862f91c,False,CANDIDATE_NOT_CLAIM,338f6164f6c464982ea408f61eff2b21b4aa7da5c366a4237da405a45e9f55e0,f372fcd1988e712a47f01e6018289c0bc076f14b1f2d3ab1231f82b9a19b89c8,446154f660c945f9c9e5d2cba50602fc2e91de5cec9a700d712e38a6b0fb6863
osm-sionna-source-austin-bank-03,osm-sionna-source-austin-bank-03,osm-foundation-source-austin-03,dc5f3c42b01567f16d11a0f4e024e66a0e38807cc0d21c3727f484dc73b35576,dc5f3c42b01567f16d11a0f4e024e66a0e38807cc0d21c3727f484dc73b35576,9abf7be3870af67bdcb05468cff2cd60b41bac634120370fa69350e86eef5543,9abf7be3870af67bdcb05468cff2cd60b41bac634120370fa69350e86eef5543,source_probe_selection,True,True,True,True,True,True,True,True,True,True,True,True,True,True,True,True,True,csi-pairs-formal-v2.1-v6,e89034302d6c4a64c838c244a60ad7c42b081e760ef2c9fc548440b0d5458d2e,50a0515956027ee8241f0c9b806f669f65dbe28c11e1274cfb94b486c862f91c,False,CANDIDATE_NOT_CLAIM,338f6164f6c464982ea408f61eff2b21b4aa7da5c366a4237da405a45e9f55e0,f372fcd1988e712a47f01e6018289c0bc076f14b1f2d3ab1231f82b9a19b89c8,446154f660c945f9c9e5d2cba50602fc2e91de5cec9a700d712e38a6b0fb6863
osm-sionna-source-chicago-bank-04,osm-sionna-source-chicago-bank-04,osm-foundation-source-chicago-04,5814c1e7c6458cb47b2fee4971e4f61e88b2893ae6068876a5b9e8e851b5fb7e,5814c1e7c6458cb47b2fee4971e4f61e88b2893ae6068876a5b9e8e851b5fb7e,56918a3c41a0f6301ecd006cd9f258d25d59672c05bd882bbb415ae00903dbc1,56918a3c41a0f6301ecd006cd9f258d25d59672c05bd882bbb415ae00903dbc1,source_calibration_fit,True,True,True,True,True,True,True,True,True,True,True,True,True,True,True,True,True,csi-pairs-formal-v2.1-v6,e89034302d6c4a64c838c244a60ad7c42b081e760ef2c9fc548440b0d5458d2e,50a0515956027ee8241f0c9b806f669f65dbe28c11e1274cfb94b486c862f91c,False,CANDIDATE_NOT_CLAIM,338f6164f6c464982ea408f61eff2b21b4aa7da5c366a4237da405a45e9f55e0,f372fcd1988e712a47f01e6018289c0bc076f14b1f2d3ab1231f82b9a19b89c8,446154f660c945f9c9e5d2cba50602fc2e91de5cec9a700d712e38a6b0fb6863
osm-sionna-source-austin-bank-04,osm-sionna-source-austin-bank-04,osm-foundation-source-austin-04,33e07b80762b28f397d52356f4a6ad63dbee9e198f9cfed24188ddb9c10a3218,33e07b80762b28f397d52356f4a6ad63dbee9e198f9cfed24188ddb9c10a3218,ebeddbd3e12f8c4d29d327fc0340ed986c37f0493d2cf500e1a76a6613fe69e9,ebeddbd3e12f8c4d29d327fc0340ed986c37f0493d2cf500e1a76a6613fe69e9,source_calibration_fit,True,True,True,True,True,True,True,True,True,True,True,True,True,True,True,True,True,csi-pairs-formal-v2.1-v6,e89034302d6c4a64c838c244a60ad7c42b081e760ef2c9fc548440b0d5458d2e,50a0515956027ee8241f0c9b806f669f65dbe28c11e1274cfb94b486c862f91c,False,CANDIDATE_NOT_CLAIM,338f6164f6c464982ea408f61eff2b21b4aa7da5c366a4237da405a45e9f55e0,f372fcd1988e712a47f01e6018289c0bc076f14b1f2d3ab1231f82b9a19b89c8,446154f660c945f9c9e5d2cba50602fc2e91de5cec9a700d712e38a6b0fb6863
osm-sionna-source-chicago-bank-05,osm-sionna-source-chicago-bank-05,osm-foundation-source-chicago-05,8d010a2209a60c6580837d17ebc268f04b9635a5433697fbcf99e6ef463479d0,8d010a2209a60c6580837d17ebc268f04b9635a5433697fbcf99e6ef463479d0,72b2af1b6864873bc5f2e2438d678500d2b172024a5bf4a9159aba9040052d76,72b2af1b6864873bc5f2e2438d678500d2b172024a5bf4a9159aba9040052d76,source_calibration_selection,True,True,True,True,True,True,True,True,True,True,True,True,True,True,True,True,True,csi-pairs-formal-v2.1-v6,e89034302d6c4a64c838c244a60ad7c42b081e760ef2c9fc548440b0d5458d2e,50a0515956027ee8241f0c9b806f669f65dbe28c11e1274cfb94b486c862f91c,False,CANDIDATE_NOT_CLAIM,338f6164f6c464982ea408f61eff2b21b4aa7da5c366a4237da405a45e9f55e0,f372fcd1988e712a47f01e6018289c0bc076f14b1f2d3ab1231f82b9a19b89c8,446154f660c945f9c9e5d2cba50602fc2e91de5cec9a700d712e38a6b0fb6863
osm-sionna-source-austin-bank-05,osm-sionna-source-austin-bank-05,osm-foundation-source-austin-05,1b07fd089bea0d5d3e8c6e57bda9df59f0b8dda02e8370919bb57b48f07f7be1,1b07fd089bea0d5d3e8c6e57bda9df59f0b8dda02e8370919bb57b48f07f7be1,b3f8e08fa2af5c2d04c61c392daf4b6707cc140b4cbe856fd2b69399de2df0f6,b3f8e08fa2af5c2d04c61c392daf4b6707cc140b4cbe856fd2b69399de2df0f6,source_calibration_selection,True,True,True,True,True,True,True,True,True,True,True,True,True,True,True,True,True,csi-pairs-formal-v2.1-v6,e89034302d6c4a64c838c244a60ad7c42b081e760ef2c9fc548440b0d5458d2e,50a0515956027ee8241f0c9b806f669f65dbe28c11e1274cfb94b486c862f91c,False,CANDIDATE_NOT_CLAIM,338f6164f6c464982ea408f61eff2b21b4aa7da5c366a4237da405a45e9f55e0,f372fcd1988e712a47f01e6018289c0bc076f14b1f2d3ab1231f82b9a19b89c8,446154f660c945f9c9e5d2cba50602fc2e91de5cec9a700d712e38a6b0fb6863
osm-sionna-source-chicago-bank-06,osm-sionna-source-chicago-bank-06,osm-foundation-source-chicago-06,5801f59243e5e326ea4ac704bb729871c9156fd7ab03fb9f6ab6f45282ff2326,5801f59243e5e326ea4ac704bb729871c9156fd7ab03fb9f6ab6f45282ff2326,e328590c5e68ce3dd38f44179a5a5a2e5ea54dfdbd45838d15bbeec5ed631cd1,e328590c5e68ce3dd38f44179a5a5a2e5ea54dfdbd45838d15bbeec5ed631cd1,source_final_unseen_bank,True,True,True,True,True,True,True,True,True,True,True,True,True,True,True,True,True,csi-pairs-formal-v2.1-v6,e89034302d6c4a64c838c244a60ad7c42b081e760ef2c9fc548440b0d5458d2e,50a0515956027ee8241f0c9b806f669f65dbe28c11e1274cfb94b486c862f91c,False,CANDIDATE_NOT_CLAIM,338f6164f6c464982ea408f61eff2b21b4aa7da5c366a4237da405a45e9f55e0,f372fcd1988e712a47f01e6018289c0bc076f14b1f2d3ab1231f82b9a19b89c8,446154f660c945f9c9e5d2cba50602fc2e91de5cec9a700d712e38a6b0fb6863
osm-sionna-source-austin-bank-06,osm-sionna-source-austin-bank-06,osm-foundation-source-austin-06,f5da7fa7c9cd96c1e4446eee544872ceeb41d437e08558c2ddada10ac75f7a21,f5da7fa7c9cd96c1e4446eee544872ceeb41d437e08558c2ddada10ac75f7a21,f59399ac0fa989e2cc4c35539405b939c0f2ed381d92e4041e32c2960f420e19,f59399ac0fa989e2cc4c35539405b939c0f2ed381d92e4041e32c2960f420e19,source_final_unseen_bank,True,True,True,True,True,True,True,True,True,True,True,True,True,True,True,True,True,csi-pairs-formal-v2.1-v6,e89034302d6c4a64c838c244a60ad7c42b081e760ef2c9fc548440b0d5458d2e,50a0515956027ee8241f0c9b806f669f65dbe28c11e1274cfb94b486c862f91c,False,CANDIDATE_NOT_CLAIM,338f6164f6c464982ea408f61eff2b21b4aa7da5c366a4237da405a45e9f55e0,f372fcd1988e712a47f01e6018289c0bc076f14b1f2d3ab1231f82b9a19b89c8,446154f660c945f9c9e5d2cba50602fc2e91de5cec9a700d712e38a6b0fb6863
osm-sionna-target-seattle-bank-00,osm-sionna-target-seattle-bank-00,osm-foundation-target-seattle-00,709b2215d4272dbdcd17039745d81069c22bb655c8a2d2973df22ed299e2d924,709b2215d4272dbdcd17039745d81069c22bb655c8a2d2973df22ed299e2d924,9a44e2959c5d25abe150c79ee52751dd0dc86df292850865d814643b332a9e9a,9a44e2959c5d25abe150c79ee52751dd0dc86df292850865d814643b332a9e9a,target,True,True,True,True,True,True,True,True,True,True,True,True,True,True,True,True,True,csi-pairs-formal-v2.1-v6,e89034302d6c4a64c838c244a60ad7c42b081e760ef2c9fc548440b0d5458d2e,50a0515956027ee8241f0c9b806f669f65dbe28c11e1274cfb94b486c862f91c,False,CANDIDATE_NOT_CLAIM,338f6164f6c464982ea408f61eff2b21b4aa7da5c366a4237da405a45e9f55e0,f372fcd1988e712a47f01e6018289c0bc076f14b1f2d3ab1231f82b9a19b89c8,446154f660c945f9c9e5d2cba50602fc2e91de5cec9a700d712e38a6b0fb6863
osm-sionna-target-seattle-bank-01,osm-sionna-target-seattle-bank-01,osm-foundation-target-seattle-01,58556d9fbe3a82248fd13adb293205c9a60fc36e2d673ca49b7b729b04b96cfb,58556d9fbe3a82248fd13adb293205c9a60fc36e2d673ca49b7b729b04b96cfb,ff6424aeda8167784fcba4efa6ea1b3df17ef3493b94736042faf414eab09e51,ff6424aeda8167784fcba4efa6ea1b3df17ef3493b94736042faf414eab09e51,target,True,True,True,True,True,True,True,True,True,True,True,True,True,True,True,True,True,csi-pairs-formal-v2.1-v6,e89034302d6c4a64c838c244a60ad7c42b081e760ef2c9fc548440b0d5458d2e,50a0515956027ee8241f0c9b806f669f65dbe28c11e1274cfb94b486c862f91c,False,CANDIDATE_NOT_CLAIM,338f6164f6c464982ea408f61eff2b21b4aa7da5c366a4237da405a45e9f55e0,f372fcd1988e712a47f01e6018289c0bc076f14b1f2d3ab1231f82b9a19b89c8,446154f660c945f9c9e5d2cba50602fc2e91de5cec9a700d712e38a6b0fb6863
osm-sionna-target-seattle-bank-02,osm-sionna-target-seattle-bank-02,osm-foundation-target-seattle-02,b4b076af73fe3707cf7fbce636b3245f5d4c045a72c8cc0cfe775fb135c03997,b4b076af73fe3707cf7fbce636b3245f5d4c045a72c8cc0cfe775fb135c03997,86e53961d8abd307b57ed0f6ac2bcf26317e5e3572cd1c43ad0a58e4e84d7a30,86e53961d8abd307b57ed0f6ac2bcf26317e5e3572cd1c43ad0a58e4e84d7a30,target,True,True,True,True,True,True,True,True,True,True,True,True,True,True,True,True,True,csi-pairs-formal-v2.1-v6,e89034302d6c4a64c838c244a60ad7c42b081e760ef2c9fc548440b0d5458d2e,50a0515956027ee8241f0c9b806f669f65dbe28c11e1274cfb94b486c862f91c,False,CANDIDATE_NOT_CLAIM,338f6164f6c464982ea408f61eff2b21b4aa7da5c366a4237da405a45e9f55e0,f372fcd1988e712a47f01e6018289c0bc076f14b1f2d3ab1231f82b9a19b89c8,446154f660c945f9c9e5d2cba50602fc2e91de5cec9a700d712e38a6b0fb6863
osm-sionna-target-seattle-bank-03,osm-sionna-target-seattle-bank-03,osm-foundation-target-seattle-03,e09ae2349da837ccc11c3741285bd94978434fc5fb33b2f67030df3e13bf8832,e09ae2349da837ccc11c3741285bd94978434fc5fb33b2f67030df3e13bf8832,4f2c53474c62029ea9ca4ab2c473980e0af89b43efbed30cde4275e6dbddfdeb,4f2c53474c62029ea9ca4ab2c473980e0af89b43efbed30cde4275e6dbddfdeb,target,True,True,True,True,True,True,True,True,True,True,True,True,True,True,True,True,True,csi-pairs-formal-v2.1-v6,e89034302d6c4a64c838c244a60ad7c42b081e760ef2c9fc548440b0d5458d2e,50a0515956027ee8241f0c9b806f669f65dbe28c11e1274cfb94b486c862f91c,False,CANDIDATE_NOT_CLAIM,338f6164f6c464982ea408f61eff2b21b4aa7da5c366a4237da405a45e9f55e0,f372fcd1988e712a47f01e6018289c0bc076f14b1f2d3ab1231f82b9a19b89c8,446154f660c945f9c9e5d2cba50602fc2e91de5cec9a700d712e38a6b0fb6863
osm-sionna-target-seattle-bank-04,osm-sionna-target-seattle-bank-04,osm-foundation-target-seattle-04,2e30c44b6dee00a6e1bc77c7de8afe83747b8c619b75cff994e6eb40f3cf747f,2e30c44b6dee00a6e1bc77c7de8afe83747b8c619b75cff994e6eb40f3cf747f,1e75a0795c98dff81e4ac381f1a6e9ab581514ad3f9bb3f6e5135bb2e7747ce7,1e75a0795c98dff81e4ac381f1a6e9ab581514ad3f9bb3f6e5135bb2e7747ce7,target,True,True,True,True,True,True,True,True,True,True,True,True,True,True,True,True,True,csi-pairs-formal-v2.1-v6,e89034302d6c4a64c838c244a60ad7c42b081e760ef2c9fc548440b0d5458d2e,50a0515956027ee8241f0c9b806f669f65dbe28c11e1274cfb94b486c862f91c,False,CANDIDATE_NOT_CLAIM,338f6164f6c464982ea408f61eff2b21b4aa7da5c366a4237da405a45e9f55e0,f372fcd1988e712a47f01e6018289c0bc076f14b1f2d3ab1231f82b9a19b89c8,446154f660c945f9c9e5d2cba50602fc2e91de5cec9a700d712e38a6b0fb6863
osm-sionna-target-seattle-bank-05,osm-sionna-target-seattle-bank-05,osm-foundation-target-seattle-05,ff74bd5bfa4f14ebd53e1337920e55879088660b13e57c9b537b316c57e5a211,ff74bd5bfa4f14ebd53e1337920e55879088660b13e57c9b537b316c57e5a211,660314cc7c6350ef001e62ee1a33c4baa7f60abc0882f3ad353ad916b682f31b,660314cc7c6350ef001e62ee1a33c4baa7f60abc0882f3ad353ad916b682f31b,target,True,True,True,True,True,True,True,True,True,True,True,True,True,True,True,True,True,csi-pairs-formal-v2.1-v6,e89034302d6c4a64c838c244a60ad7c42b081e760ef2c9fc548440b0d5458d2e,50a0515956027ee8241f0c9b806f669f65dbe28c11e1274cfb94b486c862f91c,False,CANDIDATE_NOT_CLAIM,338f6164f6c464982ea408f61eff2b21b4aa7da5c366a4237da405a45e9f55e0,f372fcd1988e712a47f01e6018289c0bc076f14b1f2d3ab1231f82b9a19b89c8,446154f660c945f9c9e5d2cba50602fc2e91de5cec9a700d712e38a6b0fb6863
osm-sionna-target-seattle-bank-06,osm-sionna-target-seattle-bank-06,osm-foundation-target-seattle-06,a1e143612cccf50b8b2602b452461f400b6237f7e569e139089532f88787db64,a1e143612cccf50b8b2602b452461f400b6237f7e569e139089532f88787db64,f42286b58dda5e35239d80724aeba955b33d73b8ee4c4e538797258aeb4f85a5,f42286b58dda5e35239d80724aeba955b33d73b8ee4c4e538797258aeb4f85a5,target,True,True,True,True,True,True,True,True,True,True,True,True,True,True,True,True,True,csi-pairs-formal-v2.1-v6,e89034302d6c4a64c838c244a60ad7c42b081e760ef2c9fc548440b0d5458d2e,50a0515956027ee8241f0c9b806f669f65dbe28c11e1274cfb94b486c862f91c,False,CANDIDATE_NOT_CLAIM,338f6164f6c464982ea408f61eff2b21b4aa7da5c366a4237da405a45e9f55e0,f372fcd1988e712a47f01e6018289c0bc076f14b1f2d3ab1231f82b9a19b89c8,446154f660c945f9c9e5d2cba50602fc2e91de5cec9a700d712e38a6b0fb6863
osm-sionna-target-seattle-bank-07,osm-sionna-target-seattle-bank-07,osm-foundation-target-seattle-07,ed43b44121ed27a356bc8106a6b45244112b25a45b7bb60d0d994df65395340a,ed43b44121ed27a356bc8106a6b45244112b25a45b7bb60d0d994df65395340a,b958eb8593b7857bb2ccce25a6a992d5c49a4c03f0368f5752378eefe8df5e26,b958eb8593b7857bb2ccce25a6a992d5c49a4c03f0368f5752378eefe8df5e26,target,True,True,True,True,True,True,True,True,True,True,True,True,True,True,True,True,True,csi-pairs-formal-v2.1-v6,e89034302d6c4a64c838c244a60ad7c42b081e760ef2c9fc548440b0d5458d2e,50a0515956027ee8241f0c9b806f669f65dbe28c11e1274cfb94b486c862f91c,False,CANDIDATE_NOT_CLAIM,338f6164f6c464982ea408f61eff2b21b4aa7da5c366a4237da405a45e9f55e0,f372fcd1988e712a47f01e6018289c0bc076f14b1f2d3ab1231f82b9a19b89c8,446154f660c945f9c9e5d2cba50602fc2e91de5cec9a700d712e38a6b0fb6863
osm-sionna-target-boston-bank-00,osm-sionna-target-boston-bank-00,osm-foundation-target-boston-00,fd69946740366fe6540d9b89f5475eb8bfcf2165c8004aaf322260b6bfe301d2,fd69946740366fe6540d9b89f5475eb8bfcf2165c8004aaf322260b6bfe301d2,7115a56b291a2734ad2e857556b172d1ddd57fc4861611183e5d125b2437641b,7115a56b291a2734ad2e857556b172d1ddd57fc4861611183e5d125b2437641b,target,True,True,True,True,True,True,True,True,True,True,True,True,True,True,True,True,True,csi-pairs-formal-v2.1-v6,e89034302d6c4a64c838c244a60ad7c42b081e760ef2c9fc548440b0d5458d2e,50a0515956027ee8241f0c9b806f669f65dbe28c11e1274cfb94b486c862f91c,False,CANDIDATE_NOT_CLAIM,338f6164f6c464982ea408f61eff2b21b4aa7da5c366a4237da405a45e9f55e0,f372fcd1988e712a47f01e6018289c0bc076f14b1f2d3ab1231f82b9a19b89c8,446154f660c945f9c9e5d2cba50602fc2e91de5cec9a700d712e38a6b0fb6863
osm-sionna-target-boston-bank-01,osm-sionna-target-boston-bank-01,osm-foundation-target-boston-01,74b69616f3cb3e6a39d012f9500b6b5726d2113035eef80f457b8289aecbc894,74b69616f3cb3e6a39d012f9500b6b5726d2113035eef80f457b8289aecbc894,8272652bc3493f39ac3585973ade58ca73d41293b09fc748f65824abb264cdd0,8272652bc3493f39ac3585973ade58ca73d41293b09fc748f65824abb264cdd0,target,True,True,True,True,True,True,True,True,True,True,True,True,True,True,True,True,True,csi-pairs-formal-v2.1-v6,e89034302d6c4a64c838c244a60ad7c42b081e760ef2c9fc548440b0d5458d2e,50a0515956027ee8241f0c9b806f669f65dbe28c11e1274cfb94b486c862f91c,False,CANDIDATE_NOT_CLAIM,338f6164f6c464982ea408f61eff2b21b4aa7da5c366a4237da405a45e9f55e0,f372fcd1988e712a47f01e6018289c0bc076f14b1f2d3ab1231f82b9a19b89c8,446154f660c945f9c9e5d2cba50602fc2e91de5cec9a700d712e38a6b0fb6863
osm-sionna-target-boston-bank-02,osm-sionna-target-boston-bank-02,osm-foundation-target-boston-02,08f55507d8292e515a01fe1e76980e2f469605b768dbe99e39ad59aa6158a93d,08f55507d8292e515a01fe1e76980e2f469605b768dbe99e39ad59aa6158a93d,efaac30f3528949c8c5082d96395a84555b2860473fc2289ba2854e848d44854,efaac30f3528949c8c5082d96395a84555b2860473fc2289ba2854e848d44854,target,True,True,True,True,True,True,True,True,True,True,True,True,True,True,True,True,True,csi-pairs-formal-v2.1-v6,e89034302d6c4a64c838c244a60ad7c42b081e760ef2c9fc548440b0d5458d2e,50a0515956027ee8241f0c9b806f669f65dbe28c11e1274cfb94b486c862f91c,False,CANDIDATE_NOT_CLAIM,338f6164f6c464982ea408f61eff2b21b4aa7da5c366a4237da405a45e9f55e0,f372fcd1988e712a47f01e6018289c0bc076f14b1f2d3ab1231f82b9a19b89c8,446154f660c945f9c9e5d2cba50602fc2e91de5cec9a700d712e38a6b0fb6863
osm-sionna-target-boston-bank-03,osm-sionna-target-boston-bank-03,osm-foundation-target-boston-03,11bfa5704a49613b4c107375a8289336904031ef2b649b16ba39a6fec3463928,11bfa5704a49613b4c107375a8289336904031ef2b649b16ba39a6fec3463928,f0bb7e7b7867d6ac3c3d0556ac80b48d5866a9a351fcce499cdc238d0b8ec67f,f0bb7e7b7867d6ac3c3d0556ac80b48d5866a9a351fcce499cdc238d0b8ec67f,target,True,True,True,True,True,True,True,True,True,True,True,True,True,True,True,True,True,csi-pairs-formal-v2.1-v6,e89034302d6c4a64c838c244a60ad7c42b081e760ef2c9fc548440b0d5458d2e,50a0515956027ee8241f0c9b806f669f65dbe28c11e1274cfb94b486c862f91c,False,CANDIDATE_NOT_CLAIM,338f6164f6c464982ea408f61eff2b21b4aa7da5c366a4237da405a45e9f55e0,f372fcd1988e712a47f01e6018289c0bc076f14b1f2d3ab1231f82b9a19b89c8,446154f660c945f9c9e5d2cba50602fc2e91de5cec9a700d712e38a6b0fb6863
osm-sionna-target-boston-bank-04,osm-sionna-target-boston-bank-04,osm-foundation-target-boston-04,c7f0f83a4e6e174d64d0ffa82eab13788542b707ee006951fa39956705ed6edd,c7f0f83a4e6e174d64d0ffa82eab13788542b707ee006951fa39956705ed6edd,25f65031b1a4a811ffd49f3c04c6f1e2ebec9f51d8b77ab55d47a19e52d817a6,25f65031b1a4a811ffd49f3c04c6f1e2ebec9f51d8b77ab55d47a19e52d817a6,target,True,True,True,True,True,True,True,True,True,True,True,True,True,True,True,True,True,csi-pairs-formal-v2.1-v6,e89034302d6c4a64c838c244a60ad7c42b081e760ef2c9fc548440b0d5458d2e,50a0515956027ee8241f0c9b806f669f65dbe28c11e1274cfb94b486c862f91c,False,CANDIDATE_NOT_CLAIM,338f6164f6c464982ea408f61eff2b21b4aa7da5c366a4237da405a45e9f55e0,f372fcd1988e712a47f01e6018289c0bc076f14b1f2d3ab1231f82b9a19b89c8,446154f660c945f9c9e5d2cba50602fc2e91de5cec9a700d712e38a6b0fb6863
osm-sionna-target-boston-bank-05,osm-sionna-target-boston-bank-05,osm-foundation-target-boston-05,7404730210504e245a35a13c4ebb785632777d0f226bdaa892a4ecedb0c0b5ca,7404730210504e245a35a13c4ebb785632777d0f226bdaa892a4ecedb0c0b5ca,97e637050be099109f10702d45fbe4152c5b96573361c0067847fc1c49c96c30,97e637050be099109f10702d45fbe4152c5b96573361c0067847fc1c49c96c30,target,True,True,True,True,True,True,True,True,True,True,True,True,True,True,True,True,True,csi-pairs-formal-v2.1-v6,e89034302d6c4a64c838c244a60ad7c42b081e760ef2c9fc548440b0d5458d2e,50a0515956027ee8241f0c9b806f669f65dbe28c11e1274cfb94b486c862f91c,False,CANDIDATE_NOT_CLAIM,338f6164f6c464982ea408f61eff2b21b4aa7da5c366a4237da405a45e9f55e0,f372fcd1988e712a47f01e6018289c0bc076f14b1f2d3ab1231f82b9a19b89c8,446154f660c945f9c9e5d2cba50602fc2e91de5cec9a700d712e38a6b0fb6863
osm-sionna-target-boston-bank-06,osm-sionna-target-boston-bank-06,osm-foundation-target-boston-06,ee43ecb9c071b8835c7aeb78bd39ca2731833dd9c567b18b53dac17f069bf71a,ee43ecb9c071b8835c7aeb78bd39ca2731833dd9c567b18b53dac17f069bf71a,3165f95853ef2b58c054f404d7d041d899b1579008df07b1f812063e02ac55f0,3165f95853ef2b58c054f404d7d041d899b1579008df07b1f812063e02ac55f0,target,True,True,True,True,True,True,True,True,True,True,True,True,True,True,True,True,True,csi-pairs-formal-v2.1-v6,e89034302d6c4a64c838c244a60ad7c42b081e760ef2c9fc548440b0d5458d2e,50a0515956027ee8241f0c9b806f669f65dbe28c11e1274cfb94b486c862f91c,False,CANDIDATE_NOT_CLAIM,338f6164f6c464982ea408f61eff2b21b4aa7da5c366a4237da405a45e9f55e0,f372fcd1988e712a47f01e6018289c0bc076f14b1f2d3ab1231f82b9a19b89c8,446154f660c945f9c9e5d2cba50602fc2e91de5cec9a700d712e38a6b0fb6863
osm-sionna-target-boston-bank-07,osm-sionna-target-boston-bank-07,osm-foundation-target-boston-07,9e0c8dc07f4b6ded8d514cc8c72f41bfaf470fd4436525569e61a3ae0d94f187,9e0c8dc07f4b6ded8d514cc8c72f41bfaf470fd4436525569e61a3ae0d94f187,727377e5bb5c5458b08e8d8c2a2f2f547f3b2e7d6581a9827d67638fb3c02d97,727377e5bb5c5458b08e8d8c2a2f2f547f3b2e7d6581a9827d67638fb3c02d97,target,True,True,True,True,True,True,True,True,True,True,True,True,True,True,True,True,True,csi-pairs-formal-v2.1-v6,e89034302d6c4a64c838c244a60ad7c42b081e760ef2c9fc548440b0d5458d2e,50a0515956027ee8241f0c9b806f669f65dbe28c11e1274cfb94b486c862f91c,False,CANDIDATE_NOT_CLAIM,338f6164f6c464982ea408f61eff2b21b4aa7da5c366a4237da405a45e9f55e0,f372fcd1988e712a47f01e6018289c0bc076f14b1f2d3ab1231f82b9a19b89c8,446154f660c945f9c9e5d2cba50602fc2e91de5cec9a700d712e38a6b0fb6863
osm-sionna-external-denver-bank-00,osm-sionna-external-denver-bank-00,osm-foundation-external-denver-00,cdfbc98f59376c06c75da4187273111b0ce4d40a99acb1641480a0f2d6a3ae9d,cdfbc98f59376c06c75da4187273111b0ce4d40a99acb1641480a0f2d6a3ae9d,fe6e32204e19eee5f14ea66f77018959c0ddbdd9cfb39b7b35f7538449886a3d,fe6e32204e19eee5f14ea66f77018959c0ddbdd9cfb39b7b35f7538449886a3d,external_validation,True,True,True,True,True,True,True,True,True,True,True,True,True,True,True,True,True,csi-pairs-formal-v2.1-v6,e89034302d6c4a64c838c244a60ad7c42b081e760ef2c9fc548440b0d5458d2e,50a0515956027ee8241f0c9b806f669f65dbe28c11e1274cfb94b486c862f91c,False,CANDIDATE_NOT_CLAIM,338f6164f6c464982ea408f61eff2b21b4aa7da5c366a4237da405a45e9f55e0,f372fcd1988e712a47f01e6018289c0bc076f14b1f2d3ab1231f82b9a19b89c8,446154f660c945f9c9e5d2cba50602fc2e91de5cec9a700d712e38a6b0fb6863
osm-sionna-external-denver-bank-01,osm-sionna-external-denver-bank-01,osm-foundation-external-denver-01,ca67d25753b80fd2f860a9341277ef6dd3584412dde11158abe528ece4b76c7b,ca67d25753b80fd2f860a9341277ef6dd3584412dde11158abe528ece4b76c7b,d88f4b7cf5ebe194ce500d6230a498728caf7d891c12b523fa0a470bd3a26ab7,d88f4b7cf5ebe194ce500d6230a498728caf7d891c12b523fa0a470bd3a26ab7,external_validation,True,True,True,True,True,True,True,True,True,True,True,True,True,True,True,True,True,csi-pairs-formal-v2.1-v6,e89034302d6c4a64c838c244a60ad7c42b081e760ef2c9fc548440b0d5458d2e,50a0515956027ee8241f0c9b806f669f65dbe28c11e1274cfb94b486c862f91c,False,CANDIDATE_NOT_CLAIM,338f6164f6c464982ea408f61eff2b21b4aa7da5c366a4237da405a45e9f55e0,f372fcd1988e712a47f01e6018289c0bc076f14b1f2d3ab1231f82b9a19b89c8,446154f660c945f9c9e5d2cba50602fc2e91de5cec9a700d712e38a6b0fb6863
osm-sionna-external-miami-bank-00,osm-sionna-external-miami-bank-00,osm-foundation-external-miami-00,99106c338acf01226cfafeac815f9ff743038ecf2c0350187bd3ce78e56d0005,99106c338acf01226cfafeac815f9ff743038ecf2c0350187bd3ce78e56d0005,009f8966bc7444669e2348739c3e48283a59a0831d0c1ca85c606bbf1d9300d8,009f8966bc7444669e2348739c3e48283a59a0831d0c1ca85c606bbf1d9300d8,external_validation,True,True,True,True,True,True,True,True,True,True,True,True,True,True,True,True,True,csi-pairs-formal-v2.1-v6,e89034302d6c4a64c838c244a60ad7c42b081e760ef2c9fc548440b0d5458d2e,50a0515956027ee8241f0c9b806f669f65dbe28c11e1274cfb94b486c862f91c,False,CANDIDATE_NOT_CLAIM,338f6164f6c464982ea408f61eff2b21b4aa7da5c366a4237da405a45e9f55e0,f372fcd1988e712a47f01e6018289c0bc076f14b1f2d3ab1231f82b9a19b89c8,446154f660c945f9c9e5d2cba50602fc2e91de5cec9a700d712e38a6b0fb6863
osm-sionna-external-miami-bank-01,osm-sionna-external-miami-bank-01,osm-foundation-external-miami-01,eade30247d5c97bf35d2bd839f2233c0723f3e1dc8edbcef443dbd8dad3a0416,eade30247d5c97bf35d2bd839f2233c0723f3e1dc8edbcef443dbd8dad3a0416,71003ab956869bdf66d8c68ed9c20e2daa9418498462e025eb466d209b4d2b3a,71003ab956869bdf66d8c68ed9c20e2daa9418498462e025eb466d209b4d2b3a,external_validation,True,True,True,True,True,True,True,True,True,True,True,True,True,True,True,True,True,csi-pairs-formal-v2.1-v6,e89034302d6c4a64c838c244a60ad7c42b081e760ef2c9fc548440b0d5458d2e,50a0515956027ee8241f0c9b806f669f65dbe28c11e1274cfb94b486c862f91c,False,CANDIDATE_NOT_CLAIM,338f6164f6c464982ea408f61eff2b21b4aa7da5c366a4237da405a45e9f55e0,f372fcd1988e712a47f01e6018289c0bc076f14b1f2d3ab1231f82b9a19b89c8,446154f660c945f9c9e5d2cba50602fc2e91de5cec9a700d712e38a6b0fb6863
